<?xml version="1.0" encoding="utf-8"?>
<rss version="2.0" xmlns:atom="http://www.w3.org/2005/Atom"><channel><title>My feed 1</title><link>http://localhost:8000/shift_data/</link><description>This is a MWFeeds generated RSS feed</description><atom:link href="http://localhost:8000/shift_data/" rel="self"/><language>en-us</language><lastBuildDate>Sun, 09 Apr 2023 12:29:45 +0000</lastBuildDate><item><title>'Cong has to be at centre of coalition that takes on BJP in 2024'</title><link>http://localhost:8000/rss/1</link><description>'Cong has to be at centre of coalition that takes on BJP in 2024'</description><guid>http://localhost:8000/rss/1</guid></item><item><title>IPL: Resolute Ajinkya Rahane vows to 'never give up'</title><link>http://localhost:8000/rss/1</link><description>IPL: Resolute Ajinkya Rahane vows to 'never give up'</description><guid>http://localhost:8000/rss/1</guid></item><item><title>My photo was uploaded on porn site when I was 15: Uorfi Javed </title><link>http://localhost:8000/rss/1</link><description>My photo was uploaded on porn site when I was 15: Uorfi Javed </description><guid>http://localhost:8000/rss/1</guid></item><item><title>Watch: Haryana minister Anil Vij exhibits his singing talent</title><link>http://localhost:8000/rss/1</link><description>Watch: Haryana minister Anil Vij exhibits his singing talent</description><guid>http://localhost:8000/rss/1</guid></item><item><title>Hooligans and mafia in UP are living under fear: Yogi</title><link>http://localhost:8000/rss/1</link><description>Hooligans and mafia in UP are living under fear: Yogi</description><guid>http://localhost:8000/rss/1</guid></item><item><title>Delhi CNG, PNG cheapest in country after IGL price cut</title><link>http://localhost:8000/rss/1</link><description>Delhi CNG, PNG cheapest in country after IGL price cut</description><guid>http://localhost:8000/rss/1</guid></item><item><title>All crossovers, SUVs in India under Rs 10 lakh</title><link>http://localhost:8000/rss/1</link><description>All crossovers, SUVs in India under Rs 10 lakh</description><guid>http://localhost:8000/rss/1</guid></item></channel></rss>